{
  "mapImage": "/uploads/map.jpg",
  "entrance": {
    "x": 18.597560975609756,
    "y": 13.806706114398423
  }
}